cert,bank_name,peer_band,composite_score,n_screen_metrics,z_uninsured_share,z_brokered_share,z_securities_share,z_asset_growth_3y,z_nim_trend,z_equity_ratio,likely_merger_quarter,rank_in_band,band_size,pctile_in_band,rank_overall,n_overall,pctile_overall,label_group
27330,Silvergate Bank,$10B-$100B,2.088712943482808,6,3.6429331886574494,-0.6744907594765952,4.687615963163245,5.0,-1.176622740517752,1.0528420090705004,false,2,128,0.9921259842519685,8,989,0.992914979757085,2023 label set
24735,Silicon Valley Bank,>$100B,1.7315682179162384,6,2.243069133413603,-0.6995527577320115,2.711173761280106,5.0,-0.13997409548920398,1.2746932660249382,false,1,35,1.0,26,989,0.9746963562753036,2023 label set
57053,Signature Bank,>$100B,1.452171073691802,6,2.4856789489068283,-0.1685937699419816,-0.1587472797463823,3.1610622133761432,1.9233428174874385,1.470283512068767,false,2,35,0.9705882352941176,60,989,0.9402834008097166,2023 label set
27332,Republic Bank,$1B-$10B,1.2342601462753124,6,1.7661702313681658,0.0,2.044916589595929,2.281599981926565,-0.8336853431229198,2.1465594178841347,false,86,826,0.896969696969697,95,989,0.9048582995951417,out of window (2024)
59017,First Republic Bank,>$100B,0.6063993330510132,6,1.4461008758478249,-0.5942546029484019,-0.710592516379764,1.8079107494264643,1.0147407328833609,0.6744907594765952,false,8,35,0.7941176470588235,355,989,0.6417004048582996,2023 label set
